<?xml version="1.0" encoding="utf-8" ?>
<component name="category_screen" extends="Group">
  <script type="text/brightscript" uri="pkg:/components/screens/category_screen.brs" />
  <interface>
    <field id="category_selected"
          type="assocarray"
          alias="category_list.itemSelected"
        />
  </interface>
  <children>
    <Poster
      id="backgroundImage"
      uri="pkg:/images/stockwisepic.png"
      translation="[0, 0]"
      width="1920"
      height="1080"
    />
    <RadioButtonList
      id="category_list"
      translation="[580, 650]"
      itemSize="[550,200]"
      transparent="true"
      text-align="center"
      font-size="90"
      text-font="font:LargeBoldSystemFont"
      font-color="0xFFFFFFFF"
    >
      <ContentNode id="categories" role="content">
        <ContentNode title="Play"/>
        <ContentNode title="screen2"/>

      </ContentNode>
    </RadioButtonList>
  </children>
</component>
