<component name="game_screen" extends="Group">
    <script type="text/brightscript" uri="pkg:/components/screens/game_screen.brs" />


    <interface>

    <field 
    id="graphbutton1_selected" 
    type="boolean"
     alias="graph1.buttonSelected"
      />
    <field 
    id="graphbutton2_selected" 
    type="boolean"
     alias="graph2.buttonSelected"
      />
    <field 
    id="graphbutton3_selected" 
    type="boolean"
     alias="graph3.buttonSelected"
      />
    <field 
    id="graphbutton4_selected" 
    type="boolean"
     alias="graph4.buttonSelected"
      />
    <field 
    id="graphbutton5_selected" 
    type="boolean"
     alias="graph5.buttonSelected"
      />
    <field 
    id="graphbutton6_selected" 
    type="boolean"
     alias="graph6.buttonSelected"
      />
  </interface>
  
    <children>


    <Poster
        id="background"
        
        uri="pkg:/images/blue.jpg"  

        translation="[0, 0]"
        width="1920"  
        height="1080"  
    />

     <Poster
        id="rokuLogo1"
        uri="pkg:/images/roku.png"  
        translation="[10, 10]"
        width="256"
        height="80"        
    />

    <Poster
        id="rokuLogo2"
        uri="pkg:/images/rokubox.jpg"  
        translation="[1500, 10]"
        width="80"
        height="80"        
    />

    <Label
         id="gameLabel" 
         text="STOCK MARKET" 
         color="0x000000ff"
     />

    <Label
         id="PlayerLabel" 
         text="Balance: $" 
         color="0x000000ff"

    />

    <Label
         id="MoneyLabel" 
         text="10000" 
         color="0x000000ff"
         translation = "[1775, 61]"
         
         

    />

    <Label
         id="BoughtStocksLabel" 
         text="N/A &#10;" 
         translation="[1500, 600]"
    />

    <Timer
        id="badPopTimer"
        repeat="true"
    />
    <Timer
        id="goodPopTimer"
        repeat="true"
    />
    <Timer
        id="noSellPopTimer"
        repeat="true"
    />
    <Timer
        id="sellPopTimer"
        repeat="true"
    />

<Timer
  id="stockTimer"
  repeat="true"
  duration = "5"
  
/>


   



          <Poster
            id="stock1"
            uri="pkg:/images/apple.png"
            translation="[150, 150]"
            width="400"
            height="200"
        />
        
        
          <Poster
            id="stock2"
            uri="pkg:/images/facebooks.png"
            translation="[550, 150]"
            width="400"
            height="200"
        />
        
        
           <Poster
            id="stock3"
            uri="pkg:/images/google.png"
            translation="[950, 150]"
            width="400"
            height="200"
        />
        
        <Poster
            id="stock4"
            uri="pkg:/images/microsofts.png"
            translation="[150, 650]"
            width="400"
            height="200"
        />

        <Poster
            id="stock5"
            uri="pkg:/images/netflixs.png"
            translation="[550, 650]"
            width="400"
            height="200"
        />

        <Poster
            id="stock6"
            uri="pkg:/images/samsung.png"
            translation="[950, 650]"
            width="400"
            height="200"
        />
        <Button
            id="stock1a"
            text="Buy"
            translation="[150, 350]"
            width="200"
            height="36"
            focusable="true"
            visible="true"
            iconUri ="pkg:/images/buy_icon.png"
            focusedIconUri = "pkg:/images/buy_icon.png"
        />

          <Button
            id="stock2a"
            text="Buy"
            translation="[550, 350]"
            width="200"
            height="36"
            focusable="true"
            visible="true"
            iconUri ="pkg:/images/buy_icon.png"
            focusedIconUri = "pkg:/images/buy_icon.png"
        />
        <Button
            id="stock3a"
            text="Buy"
            translation="[950, 350]"
            width="200"
            height="36"
            focusable="true"
            visible="true"
            iconUri ="pkg:/images/buy_icon.png"
            focusedIconUri = "pkg:/images/buy_icon.png"
        />
        <Button
            id="stock4a"
            text="Buy"
            translation="[150, 850]"
            width="200"
            height="36"
            focusable="true"
            visible="true"
            iconUri ="pkg:/images/buy_icon.png"
            focusedIconUri = "pkg:/images/buy_icon.png"
        />
        <Button
            id="stock5a"
            text="Buy"
            translation="[550, 850]"
            width="200"
            height="36"
            focusable="true"
            visible="true"
            iconUri ="pkg:/images/buy_icon.png"
            focusedIconUri = "pkg:/images/buy_icon.png"
        />
        <Button
            id="stock6a"
            text="Buy"
            translation="[950, 850]"
            width="200"
            height="36"
            focusable="true"
            visible="true"
            iconUri ="pkg:/images/buy_icon.png"
            focusedIconUri = "pkg:/images/buy_icon.png"
        />

        <Button
            id="stock1sell"
            text="Sell"
            translation="[150, 425]"
            width="200"
            height="36"
            focusable="true"
            visible="true"
            iconUri ="pkg:/images/sell_icon.png"
            focusedIconUri = "pkg:/images/sell_icon.png"
        />
        <Button
            id="stock2sell"
            text="Sell"
            translation="[550, 425]"
            width="200"
            height="36"
            focusable="true"
            visible="true"
            iconUri ="pkg:/images/sell_icon.png"
            focusedIconUri = "pkg:/images/sell_icon.png"
        />
        <Button
            id="stock3sell"
            text="Sell"
            translation="[950, 425]"
            width="200"
            height="36"
            focusable="true"
            visible="true"
            iconUri ="pkg:/images/sell_icon.png"
            focusedIconUri = "pkg:/images/sell_icon.png"
        />
        <Button
            id="stock4sell"
            text="Sell"
            translation="[150, 925]"
            width="200"
            height="36"
            focusable="true"
            visible="true"
            iconUri ="pkg:/images/sell_icon.png"
            focusedIconUri = "pkg:/images/sell_icon.png"
        />
        <Button
            id="stock5sell"
            text="Sell"
            translation="[550, 925]"
            width="200"
            height="36"
            focusable="true"
            visible="true"
            iconUri ="pkg:/images/sell_icon.png"
            focusedIconUri = "pkg:/images/sell_icon.png"
        />
        <Button
            id="stock6sell"
            text="Sell"
            translation="[950, 925]"
            width="200"
            height="36"
            focusable="true"
            visible="true"
            iconUri ="pkg:/images/sell_icon.png"
            focusedIconUri = "pkg:/images/sell_icon.png"
        />

        <Button
            id="graph1"
            text="More info"
            translation="[150, 500]"
            width="200"
            height="36"
            focusable="true"
            visible="true"
            iconUri ="pkg:/images/graph_icon.png"
            focusedIconUri = "pkg:/images/graph_icon.png"
        />

        <Button
            id="graph2"
            text="More info"
            translation="[550, 500]"
            width="200"
            height="36"
            focusable="true"
            visible="true"
            iconUri ="pkg:/images/graph_icon.png"
            focusedIconUri = "pkg:/images/graph_icon.png"
            
        />

        <Button
            id="graph3"
            text="More info"
            translation="[950, 500]"
            width="200"
            height="36"
            focusable="true"
            visible="true"
            iconUri ="pkg:/images/graph_icon.png"
            focusedIconUri = "pkg:/images/graph_icon.png"
        />

        <Button
            id="graph4"
            text="More info"
            translation="[150, 1000]"
            width="200"
            height="36"
            focusable="true"
            visible="true"
            iconUri ="pkg:/images/graph_icon.png"
            focusedIconUri = "pkg:/images/graph_icon.png"
        />

        <Button
            id="graph5"
            text="More info"
            translation="[550, 1000]"
            width="200"
            height="36"
            focusable="true"
            visible="true"
            iconUri ="pkg:/images/graph_icon.png"
            focusedIconUri = "pkg:/images/graph_icon.png"
        />

        <Button
            id="graph6"
            text="More info"
            translation="[950, 1000]"
            width="200"
            height="36"
            focusable="true"
            visible="true"
            iconUri ="pkg:/images/graph_icon.png"
            focusedIconUri = "pkg:/images/graph_icon.png"
        />



        

         <Label
         id="AppleCost" 
         text="Stock Price: $783" 
         translation="[195, 235]" 
         />
          <Label
         id = "stock1Change"
         text = "1%"
         translation = "[225, 275]"
         />
          <Label
         id="FacebookCost" 
         text="Stock Price: $246" 
         translation="[595, 235]" 
         />
          <Label
         id = "stock2Change"
         text = "1%"
         translation = "[625, 275]"
         />
          <Label
         id="GoogleCost" 
         text="Stock Price: $572" 
         translation="[995, 245]" 
         />
          <Label
         id = "stock3Change"
         text = "1%"
         translation = "[1025, 285]"
         />
          <Label
         id="MicrosoftCost" 
         text="Stock Price: $145" 
         translation="[195, 735]" 
         />
          <Label
         id = "stock4Change"
         text = "1%"
         translation = "[225, 775]"
         />
          <Label
         id="NetflixCost" 
         text="Stock Price: $212" 
         translation="[595, 745]" 
         />
          <Label
         id = "stock5Change"
         text = "1%"
         translation = "[625, 785]"
         />
          <Label
         id="SamsungCost" 
         text="Stock Price: $73" 
         translation="[995, 735]" 
         />
          <Label
         id = "stock6Change"
         text = "1%"
         translation = "[1025, 775]"
         />

        <Label
         id="AppleNum" 
         text="Apple  x" 
         color="0x000000ff"
         translation="[1500, 625]" 
         />
         <Label
         id="FacebookNum" 
         text="Facebook  x"
         color="0x000000ff"
         translation="[1500, 675]" 
         />
         <Label
         id="GoogleNum" 
         text="Google  x" 
         color="0x000000ff"
         translation="[1500, 725]" 
         />
         <Label
         id="MicrosoftNum" 
         text="Microsoft  x" 
         color="0x000000ff"
         translation="[1500, 775]" 
         />
         <Label
         id="NetflixNum" 
         text="Netflix  x" 
         color="0x000000ff"
         translation="[1500, 825]" 
         />
         <Label
         id="SamsungNum" 
         text="Samsung  x" 
         color="0x000000ff"
         translation="[1500, 875]" 
         />

    </children>
</component>