<component name="game_screen" extends="Group">
    <script type="text/brightscript" uri="pkg:/components/screens/game_screen.brs" />


    <interface>

    <field 
    id="graphbutton1_selected" 
    type="boolean"
     alias="graph1.buttonSelected"
      />
    <field 
    id="graphbutton2_selected" 
    type="boolean"
     alias="graph2.buttonSelected"
      />
    <field 
    id="graphbutton3_selected" 
    type="boolean"
     alias="graph3.buttonSelected"
      />
    <field 
    id="graphbutton4_selected" 
    type="boolean"
     alias="graph4.buttonSelected"
      />
    <field 
    id="graphbutton5_selected" 
    type="boolean"
     alias="graph5.buttonSelected"
      />
    <field 
    id="graphbutton6_selected" 
    type="boolean"
     alias="graph6.buttonSelected"
      />
  </interface>
  
    <children>


    <Poster
        id="background"
        
        uri="pkg:/images/blue.jpg"  

        translation="[0, 0]"
        width="1920"  
        height="1080"  
    />

     <Poster
        id="rokuLogo1"
        uri="pkg:/images/roku.png"  
        translation="[10, 10]"
        width="256"
        height="80"        
    />

    <Poster
        id="rokuLogo2"
        uri="pkg:/images/rokubox.jpg"  
        translation="[1500, 10]"
        width="80"
        height="80"        
    />

    <Label
         id="gameLabel" 
         text="STOCK MARKET" 
         color="0x000000ff"
     />

    <Label
         id="PlayerLabel" 
         text="Balance: $" 
         color="0x000000ff"

    />

    <Label
         id="MoneyLabel" 
         text="10000" 
         color="0x000000ff"
         translation = "[1775, 61]"
         
         

    />

    <Label
         id="BoughtStocksLabel" 
         text="N/A &#10;" 
         translation="[1500, 600]"
    />

    <Timer
        id="badPopTimer"
        repeat="true"
    />
    <Timer
        id="goodPopTimer"
        repeat="true"
    />
    <Timer
        id="noSellPopTimer"
        repeat="true"
    />
    <Timer
        id="sellPopTimer"
        repeat="true"
    />

<Timer
  id="stockTimer"
  repeat="true"
  duration = "5"
  
/>

   



          <Poster
            id="stock1"
            uri="pkg:/images/apple.png"
            translation="[150, 200]"
            width="400"
            height="200"
        />
        
        
          <Poster
            id="stock2"
            uri="pkg:/images/facebooks.png"
            translation="[550, 200]"
            width="400"
            height="200"
        />
        
        
           <Poster
            id="stock3"
            uri="pkg:/images/google.png"
            translation="[950, 200]"
            width="400"
            height="200"
        />
        
        <Poster
            id="stock4"
            uri="pkg:/images/microsofts.png"
            translation="[150, 700]"
            width="400"
            height="200"
        />

        <Poster
            id="stock5"
            uri="pkg:/images/netflixs.png"
            translation="[550, 700]"
            width="400"
            height="200"
        />

        <Poster
            id="stock6"
            uri="pkg:/images/samsung.png"
            translation="[950, 700]"
            width="400"
            height="200"
        />
        <Button
            id="stock1a"
            text="Buy"
            translation="[100, 400]"
            width="200"
            height="36"
            focusable="true"
            visible="true"
        />

          <Button
            id="stock2a"
            text="Buy"
            translation="[500, 400]"
            width="200"
            height="36"
            focusable="true"
            visible="true"
        />
        <Button
            id="stock3a"
            text="Buy"
            translation="[900, 400]"
            width="200"
            height="36"
            focusable="true"
            visible="true"
        />
        <Button
            id="stock4a"
            text="Buy"
            translation="[150, 900]"
            width="200"
            height="36"
            focusable="true"
            visible="true"
        />
        <Button
            id="stock5a"
            text="Buy"
            translation="[550, 900]"
            width="200"
            height="36"
            focusable="true"
            visible="true"
        />
        <Button
            id="stock6a"
            text="Buy"
            translation="[950, 900]"
            width="200"
            height="36"
            focusable="true"
            visible="true"
        />

        <Button
            id="stock1sell"
            text="Sell"
            translation="[100, 475]"
            width="200"
            height="36"
            focusable="true"
            visible="true"
        />
        <Button
            id="stock2sell"
            text="Sell"
            translation="[500, 475]"
            width="200"
            height="36"
            focusable="true"
            visible="true"
        />
        <Button
            id="stock3sell"
            text="Sell"
            translation="[900, 475]"
            width="200"
            height="36"
            focusable="true"
            visible="true"
        />
        <Button
            id="stock4sell"
            text="Sell"
            translation="[150, 975]"
            width="200"
            height="36"
            focusable="true"
            visible="true"
        />
        <Button
            id="stock5sell"
            text="Sell"
            translation="[550, 975]"
            width="200"
            height="36"
            focusable="true"
            visible="true"
        />
        <Button
            id="stock6sell"
            text="Sell"
            translation="[950, 975]"
            width="200"
            height="36"
            focusable="true"
            visible="true"
        />

        <Button
            id="graph1"
            text="More info"
            translation="[100, 550]"
            width="200"
            height="36"
            focusable="true"
            visible="true"
        />

        <Button
            id="graph2"
            text="More info"
            translation="[500, 550]"
            width="200"
            height="36"
            focusable="true"
            visible="true"
        />

        <Button
            id="graph3"
            text="More info"
            translation="[900, 550]"
            width="200"
            height="36"
            focusable="true"
            visible="true"
        />

        <Button
            id="graph4"
            text="More info"
            translation="[150, 1050]"
            width="200"
            height="36"
            focusable="true"
            visible="true"
        />

        <Button
            id="graph5"
            text="More info"
            translation="[550, 1050]"
            width="200"
            height="36"
            focusable="true"
            visible="true"
        />

        <Button
            id="graph6"
            text="More info"
            translation="[950, 1050]"
            width="200"
            height="36"
            focusable="true"
            visible="true"
        />



        

         <Label
         id="AppleCost" 
         text="Stock Price: $783" 
         translation="[195, 285]" 
         />
          <Label
         id = "stock1Change"
         text = "1%"
         translation = "[225, 325]"
         />
          <Label
         id="FacebookCost" 
         text="Stock Price: $246" 
         translation="[595, 285]" 
         />
          <Label
         id = "stock2Change"
         text = "1%"
         translation = "[625, 325]"
         />
          <Label
         id="GoogleCost" 
         text="Stock Price: $572" 
         translation="[995, 295]" 
         />
          <Label
         id = "stock3Change"
         text = "1%"
         translation = "[1025, 335]"
         />
          <Label
         id="MicrosoftCost" 
         text="Stock Price: $145" 
         translation="[195, 785]" 
         />
          <Label
         id = "stock4Change"
         text = "1%"
         translation = "[225, 825]"
         />
          <Label
         id="NetflixCost" 
         text="Stock Price: $212" 
         translation="[595, 795]" 
         />
          <Label
         id = "stock5Change"
         text = "1%"
         translation = "[625, 835]"
         />
          <Label
         id="SamsungCost" 
         text="Stock Price: $73" 
         translation="[995, 785]" 
         />
          <Label
         id = "stock6Change"
         text = "1%"
         translation = "[1025, 825]"
         />

        <Label
         id="AppleNum" 
         text="Apple  x" 
         color="0x000000ff"
         translation="[1500, 675]" 
         />
         <Label
         id="FacebookNum" 
         text="Facebook  x"
         color="0x000000ff"
         translation="[1500, 725]" 
         />
         <Label
         id="GoogleNum" 
         text="Google  x" 
         color="0x000000ff"
         translation="[1500, 775]" 
         />
         <Label
         id="MicrosoftNum" 
         text="Microsoft  x" 
         color="0x000000ff"
         translation="[1500, 825]" 
         />
         <Label
         id="NetflixNum" 
         text="Netflix  x" 
         color="0x000000ff"
         translation="[1500, 875]" 
         />
         <Label
         id="SamsungNum" 
         text="Samsung  x" 
         color="0x000000ff"
         translation="[1500, 925]" 
         />

    </children>
</component>