<component name="game_screen" extends="Group">
    <script type="text/brightscript" uri="pkg:/components/screens/game_screen.brs" />

    <interface>
    
    <field 
    id="graphbutton1_selected" 
    type="boolean"
     alias="graph1.buttonSelected"
      />
    <field 
    id="graphbutton2_selected" 
    type="boolean"
     alias="graph2.buttonSelected"
      />
    <field 
    id="graphbutton3_selected" 
    type="boolean"
     alias="graph3.buttonSelected"
      />
    <field 
    id="graphbutton4_selected" 
    type="boolean"
     alias="graph4.buttonSelected"
      />
    <field 
    id="graphbutton5_selected" 
    type="boolean"
     alias="graph5.buttonSelected"
      />
    <field 
    id="graphbutton6_selected" 
    type="boolean"
     alias="graph6.buttonSelected"
      />
  </interface>
  
    <children>

     

    <Poster
        id="background"
        uri="pkg:/images/background.jpg"  
        translation="[0, 0]"
        width="1920"  
        height="1080"  
    />

     <Poster
        id="topLeftImage"
        uri="pkg:/images/roku.png"  
        translation="[10, 10]"
        width="400"
        height="126"        
    />

    <Label
         id="gameLabel" 
         text="Stock Market" 
     />

    <Label
         id="PlayerLabel" 
         text="Balance:" 
         translation="[1450, 100]" 
    />

    <Label
         id="MoneyLabel" 
         text="$10000" 
         translation="[1450, 160]" 
    />

    <Label
         id="BoughtStocksLabel" 
         text="N/A &#10;" 
         translation="[1450, 600]"
    />

         <Timer
  id="testTimer"
  repeat="true"
  
/>

<Timer
  id="stockTimer"
  repeat="true"
  duration = "5"
  
/>

   



          <Poster
            id="stock1"
            uri="pkg:/images/applestock.png"
            translation="[150, 200]"
            width="200"
            height="200"
        />
        
        
          <Poster
            id="stock2"
            uri="pkg:/images/FaceBookStock.png"
            translation="[550, 200]"
            width="200"
            height="200"
        />
        
        
           <Poster
            id="stock3"
            uri="pkg:/images/GoogleStock.png"
            translation="[950, 200]"
            width="200"
            height="200"
        />
        
        <Poster
            id="stock4"
            uri="pkg:/images/MicrosoftStock.png"
            translation="[150, 700]"
            width="200"
            height="200"
        />

        <Poster
            id="stock5"
            uri="pkg:/images/NetflixStock.png"
            translation="[550, 700]"
            width="200"
            height="200"
        />

        <Poster
            id="stock6"
            uri="pkg:/images/SamsungStock.png"
            translation="[950, 700]"
            width="200"
            height="200"
        />
        <Button
            id="stock1a"
            text="Buy"
            translation="[100, 400]"
            width="200"
            height="36"
            focusable="true"
            visible="true"
            iconUri="pkg:/images/buy_icon.png"
            focusedIconUri="pkg:/images/buy_icon.png"
        />

          <Button
            id="stock2a"
            text="Buy"
            translation="[500, 400]"
            width="200"
            height="36"
            focusable="true"
            visible="true"
            iconUri="pkg:/images/buy_icon.png"
            focusedIconUri="pkg:/images/buy_icon.png"
        />
        <Button
            id="stock3a"
            text="Buy"
            translation="[900, 400]"
            width="200"
            height="36"
            focusable="true"
            visible="true"
            iconUri="pkg:/images/buy_icon.png"
            focusedIconUri="pkg:/images/buy_icon.png"
        />
        <Button
            id="stock4a"
            text="Buy"
            translation="[150, 900]"
            width="200"
            height="36"
            focusable="true"
            visible="true"
            iconUri="pkg:/images/buy_icon.png"
            focusedIconUri="pkg:/images/buy_icon.png"
        />
        <Button
            id="stock5a"
            text="Buy"
            translation="[550, 900]"
            width="200"
            height="36"
            focusable="true"
            visible="true"
            iconUri="pkg:/images/buy_icon.png"
            focusedIconUri="pkg:/images/buy_icon.png"
        />
        <Button
            id="stock6a"
            text="Buy"
            translation="[950, 900]"
            width="200"
            height="36"
            focusable="true"
            visible="true"
            iconUri="pkg:/images/buy_icon.png"
            focusedIconUri="pkg:/images/buy_icon.png"
        />

        <Button
            id="stock1sell"
            text="Sell"
            translation="[100, 475]"
            width="200"
            height="36"
            focusable="true"
            visible="true"
            iconUri="pkg:/images/sell_icon.png"
            focusedIconUri="pkg:/images/sell_icon.png"
        />
        <Button
            id="stock2sell"
            text="Sell"
            translation="[500, 475]"
            width="200"
            height="36"
            focusable="true"
            visible="true"
            iconUri="pkg:/images/sell_icon.png"
            focusedIconUri="pkg:/images/sell_icon.png"
        />
        <Button
            id="stock3sell"
            text="Sell"
            translation="[900, 475]"
            width="200"
            height="36"
            focusable="true"
            visible="true"
            iconUri="pkg:/images/sell_icon.png"
            focusedIconUri="pkg:/images/sell_icon.png"
        />
        <Button
            id="stock4sell"
            text="Sell"
            translation="[150, 975]"
            width="200"
            height="36"
            focusable="true"
            visible="true"
            iconUri="pkg:/images/sell_icon.png"
            focusedIconUri="pkg:/images/sell_icon.png"
        />
        <Button
            id="stock5sell"
            text="Sell"
            translation="[550, 975]"
            width="200"
            height="36"
            focusable="true"
            visible="true"
            iconUri="pkg:/images/sell_icon.png"
            focusedIconUri="pkg:/images/sell_icon.png"
        />
        <Button
            id="stock6sell"
            text="Sell"
            translation="[950, 975]"
            width="200"
            height="36"
            focusable="true"
            visible="true"
            iconUri="pkg:/images/sell_icon.png"
            focusedIconUri="pkg:/images/sell_icon.png"
        />

        <Button
            id="graph1"
            text="More info"
            translation="[100, 550]"
            width="200"
            height="36"
            focusable="true"
            visible="true"
            iconUri="pkg:/images/graph_icon.png"
            focusedIconUri="pkg:/images/graph_icon.png"
        />

        <Button
            id="graph2"
            text="More info"
            translation="[500, 550]"
            width="200"
            height="36"
            focusable="true"
            visible="true"
            iconUri="pkg:/images/graph_icon.png"
            focusedIconUri="pkg:/images/graph_icon.png"
        />

        <Button
            id="graph3"
            text="More info"
            translation="[900, 550]"
            width="200"
            height="36"
            focusable="true"
            visible="true"
            iconUri="pkg:/images/graph_icon.png"
            focusedIconUri="pkg:/images/graph_icon.png"
        />

        <Button
            id="graph4"
            text="More info"
            translation="[150, 1050]"
            width="200"
            height="36"
            focusable="true"
            visible="true"
            iconUri="pkg:/images/graph_icon.png"
            focusedIconUri="pkg:/images/graph_icon.png"
        />

        <Button
            id="graph5"
            text="More info"
            translation="[550, 1050]"
            width="200"
            height="36"
            focusable="true"
            visible="true"
            iconUri="pkg:/images/graph_icon.png"
            focusedIconUri="pkg:/images/graph_icon.png"
        />

        <Button
            id="graph6"
            text="More info"
            translation="[950, 1050]"
            width="200"
            height="36"
            focusable="true"
            visible="true"
            iconUri="pkg:/images/graph_icon.png"
            focusedIconUri="pkg:/images/graph_icon.png"
        />



        

         <Label
         id="AppleCost" 
         text="$783" 
         translation="[195, 135]" 
         />
          <Label
         id="FacebookCost" 
         text="$246" 
         translation="[595, 135]" 
         />
          <Label
         id="GoogleCost" 
         text="$572" 
         translation="[995, 135]" 
         />
          <Label
         id="MicrosoftCost" 
         text="$145" 
         translation="[195, 635]" 
         />
          <Label
         id="NetflixCost" 
         text="$212" 
         translation="[595, 635]" 
         />
          <Label
         id="SamsungCost" 
         text="$73" 
         translation="[995, 635]" 
         />

        <Label
         id="AppleNum" 
         text="Apple  x" 
         translation="[1450, 675]" 
         />
         <Label
         id="FacebookNum" 
         text="Facebook  x"
         translation="[1450, 725]" 
         />
         <Label
         id="GoogleNum" 
         text="Google  x" 
         translation="[1450, 775]" 
         />
         <Label
         id="MicrosoftNum" 
         text="Microsoft  x" 
         translation="[1450, 825]" 
         />
         <Label
         id="NetflixNum" 
         text="Netflix  x" 
         translation="[1450, 875]" 
         />
         <Label
         id="SamsungNum" 
         text="Samsung  x" 
         translation="[1450, 925]" 
         />

    </children>
</component>