<component name="inventory" extends="Group" initialFocus="testPosterGrid" >
    <script type="text/brightscript" uri="pkg:/components/screens/inventory_screen.brs" />



    <children>
    <Poster
        id="background"

        uri="pkg:/images/inventory.png"

        translation="[0, 0]"
        width="1920"
        height="1080"
    />
     <PosterGrid
      id="testPosterGrid"
      translation="[440,230]"
      basePosterSize="[330,250]"
      itemSpacing="[32,32]"
      caption1NumLines="1"
      numColumns="3"
      numRows="2"
     >

  <ContentNode role = "content" >
      <ContentNode hdgridposterurl="pkg:/images/apple.png" SHORTDESCRIPTIONLINE1 ="0"
      id = "apple"
      focusable="true"/>
      <ContentNode hdgridposterurl="pkg:/images/facebooks.png" SHORTDESCRIPTIONLINE1 ="0"
      id = "facebook"
      focusable="true"/>
      <ContentNode hdgridposterurl="pkg:/images/google.png" SHORTDESCRIPTIONLINE1 ="0"
      id = "google"
      focusable="true"/>
      <ContentNode hdgridposterurl="pkg:/images/microsofts.png" SHORTDESCRIPTIONLINE1 ="0"
      id = "microsoft"
      focusable="true"/>
      <ContentNode hdgridposterurl="pkg:/images/netflixs.png" SHORTDESCRIPTIONLINE1 ="0"
      id = "netflix"
      focusable="true"/>
      <ContentNode hdgridposterurl="pkg:/images/samsung.png" SHORTDESCRIPTIONLINE1 ="0"
      id = "samsung"
      focusable="true"/>
  </ContentNode>


   <Timer
  id="StockUpdaterTimer"
  repeat="true"
  duration = "1"


/>


</PosterGrid>
<Label
         id="balance"
         text="This is the balance"
         translation="[1280, 960]"
         />
    </children>
</component>